Hips_Xposition,Hips_Yposition,Hips_Zposition,Hips_Zrotation,Hips_Yrotation,Hips_Xrotation,LHipJoint_Zrotation,LHipJoint_Yrotation,LHipJoint_Xrotation,LeftUpLeg_Zrotation,LeftUpLeg_Yrotation,LeftUpLeg_Xrotation,LeftLeg_Zrotation,LeftLeg_Yrotation,LeftLeg_Xrotation,LeftFoot_Zrotation,LeftFoot_Yrotation,LeftFoot_Xrotation,LeftToeBase_Zrotation,LeftToeBase_Yrotation,LeftToeBase_Xrotation,RHipJoint_Zrotation,RHipJoint_Yrotation,RHipJoint_Xrotation,RightUpLeg_Zrotation,RightUpLeg_Yrotation,RightUpLeg_Xrotation,RightLeg_Zrotation,RightLeg_Yrotation,RightLeg_Xrotation,RightFoot_Zrotation,RightFoot_Yrotation,RightFoot_Xrotation,RightToeBase_Zrotation,RightToeBase_Yrotation,RightToeBase_Xrotation,LowerBack_Zrotation,LowerBack_Yrotation,LowerBack_Xrotation,Spine_Zrotation,Spine_Yrotation,Spine_Xrotation,Spine1_Zrotation,Spine1_Yrotation,Spine1_Xrotation,Neck_Zrotation,Neck_Yrotation,Neck_Xrotation,Neck1_Zrotation,Neck1_Yrotation,Neck1_Xrotation,Head_Zrotation,Head_Yrotation,Head_Xrotation,LeftShoulder_Zrotation,LeftShoulder_Yrotation,LeftShoulder_Xrotation,LeftArm_Zrotation,LeftArm_Yrotation,LeftArm_Xrotation,LeftForeArm_Zrotation,LeftForeArm_Yrotation,LeftForeArm_Xrotation,LeftHand_Zrotation,LeftHand_Yrotation,LeftHand_Xrotation,LeftFingerBase_Zrotation,LeftFingerBase_Yrotation,LeftFingerBase_Xrotation,LeftHandIndex1_Zrotation,LeftHandIndex1_Yrotation,LeftHandIndex1_Xrotation,LThumb_Zrotation,LThumb_Yrotation,LThumb_Xrotation,RightShoulder_Zrotation,RightShoulder_Yrotation,RightShoulder_Xrotation,RightArm_Zrotation,RightArm_Yrotation,RightArm_Xrotation,RightForeArm_Zrotation,RightForeArm_Yrotation,RightForeArm_Xrotation,RightHand_Zrotation,RightHand_Yrotation,RightHand_Xrotation,RightFingerBase_Zrotation,RightFingerBase_Yrotation,RightFingerBase_Xrotation,RightHandIndex1_Zrotation,RightHandIndex1_Yrotation,RightHandIndex1_Xrotation,RThumb_Zrotation,RThumb_Yrotation,RThumb_Xrotation
-1.6953999996185303,17.10219955444336,-30.087400436401367,-3.887399911880493,-5.298900127410889,3.202399969100952,0.0,0.0,0.0,-13.166799545288086,3.464600086212158,-15.928299903869629,24.366100311279297,19.536699295043945,102.86100006103516,1.2209999561309814,-7.7972002029418945,25.037200927734375,0.4553000032901764,4.32859992980957,12.003100395202637,0.0,0.0,0.0,28.818899154663086,16.888399124145508,-26.489700317382812,-8.758099555969238,-16.649499893188477,55.24980163574219,-1.0931999683380127,-2.103300094604492,-20.613399505615234,-0.038600001484155655,1.2681000232696533,-3.486799955368042,1.9989999532699585,-0.4636000096797943,17.28890037536621,2.6858999729156494,0.010999999940395355,1.0901999473571777,1.7597999572753906,-0.01850000023841858,-8.53849983215332,-2.308199882507324,-2.4124999046325684,-18.307899475097656,1.2157000303268433,-2.9040000438690186,15.25469970703125,0.43320000171661377,-1.3967000246047974,7.768799781799316,-0.0,-0.0,0.0,-86.86990356445312,14.91349983215332,42.3468017578125,83.0470962524414,-59.81650161743164,-53.9822998046875,-0.0,0.0,-33.942501068115234,29.903799057006836,0.26660001277923584,0.15330000221729279,-7.125,0.0,-0.0,2.6396000385284424,30.28179931640625,-0.9492999911308289,-0.0,-0.0,0.0,87.42990112304688,-18.0049991607666,41.17340087890625,-103.60030364990234,59.289398193359375,-71.7500991821289,0.0,-0.0,-18.050100326538086,-25.482200622558594,37.57789993286133,-16.206300735473633,7.125,-0.0,-0.0,4.59689998626709,10.349599838256836,5.363699913024902
-1.7067999839782715,16.841100692749023,-28.271299362182617,-3.6947999000549316,-4.440000057220459,3.892400026321411,0.0,0.0,0.0,-10.012700080871582,2.111799955368042,-29.69659996032715,27.656700134277344,18.531999588012695,112.927001953125,0.47369998693466187,-9.432000160217285,19.67569923400879,0.04050000011920929,-1.2994999885559082,-3.5734000205993652,0.0,0.0,0.0,30.20509910583496,15.70460033416748,-19.92959976196289,-9.016300201416016,-16.818199157714844,56.14659881591797,-1.6648999452590942,-4.7347002029418945,-26.46430015563965,-0.16910000145435333,2.6489999294281006,-7.303100109100342,1.395799994468689,0.06080000102519989,17.334400177001953,2.938699960708618,0.6362000107765198,0.4408000111579895,2.234999895095825,0.3140000104904175,-9.295299530029297,-2.7155001163482666,-2.7053000926971436,-17.621700286865234,1.6813000440597534,-3.301300048828125,15.139200210571289,0.6137999892234802,-1.5676000118255615,7.63539981842041,-0.0,-0.0,0.0,-87.27890014648438,19.33690071105957,41.826499938964844,77.03009796142578,-59.354698181152344,-48.79209899902344,-0.0,0.0,-32.6348991394043,30.087099075317383,-6.480299949645996,-3.7411999702453613,-7.125,0.0,-0.0,2.4463999271392822,22.50309944152832,-1.3250000476837158,-0.0,-0.0,0.0,86.12539672851562,-10.308099746704102,44.81549835205078,-110.95159912109375,58.274600982666016,-78.03949737548828,0.0,-0.0,-18.176799774169922,-25.90220069885254,36.60459899902344,-16.149499893188477,7.125,-0.0,-0.0,4.1753997802734375,9.474900245666504,4.817599773406982
-1.667799949645996,16.9419002532959,-26.357999801635742,-3.87280011177063,-3.325200080871582,4.495699882507324,0.0,0.0,0.0,-8.493499755859375,-0.16920000314712524,-41.070899963378906,27.91230010986328,18.427499771118164,113.7334976196289,-0.17739999294281006,-12.346699714660645,14.990300178527832,0.03999999910593033,-1.2914999723434448,-3.551300048828125,0.0,0.0,0.0,31.7091007232666,12.864399909973145,-12.018500328063965,-8.115799903869629,-16.203800201416016,52.97880172729492,-1.8614000082015991,-5.885300159454346,-28.439199447631836,-0.8689000010490417,5.943299770355225,-16.6200008392334,2.313999891281128,0.2824999988079071,17.297700881958008,2.7544000148773193,1.1210999488830566,-0.20080000162124634,1.3973000049591064,0.4959999918937683,-9.976200103759766,-2.822700023651123,-3.2207999229431152,-16.838699340820312,2.2581000328063965,-4.100500106811523,14.821900367736816,0.7391999959945679,-1.9056999683380127,7.429699897766113,0.0,0.0,0.0,-85.90899658203125,25.802799224853516,42.990699768066406,84.86930084228516,-59.900299072265625,-55.55820083618164,-0.0,0.0,-34.91230010986328,30.388099670410156,-0.23899999260902405,-0.14010000228881836,-7.125,0.0,-0.0,3.0046000480651855,29.696300506591797,-1.1229000091552734,0.0,0.0,0.0,86.1500015258789,-2.9709999561309814,47.48789978027344,-122.01640319824219,55.748199462890625,-87.3311996459961,0.0,-0.0,-20.32830047607422,-24.781600952148438,36.993099212646484,-15.525199890136719,7.125,-0.0,-0.0,4.845699787139893,9.579299926757812,5.60290002822876
-1.5499999523162842,17.228200912475586,-24.33679962158203,-3.8252999782562256,-3.8405001163482666,5.166900157928467,0.0,0.0,0.0,-9.342900276184082,-2.5327999591827393,-48.57609939575195,25.565900802612305,19.240400314331055,106.47419738769531,-0.4968999922275543,-12.694700241088867,7.726500034332275,0.41339999437332153,-4.127099990844727,-11.434599876403809,0.0,0.0,0.0,31.836299896240234,10.415300369262695,-3.1789000034332275,-6.621300220489502,-15.004500389099121,47.427101135253906,-1.1632000207901,-4.839300155639648,-22.651500701904297,-1.1728999614715576,6.874300003051758,-19.343399047851562,3.865299940109253,1.6746000051498413,16.522300720214844,1.8402999639511108,3.161400079727173,-0.5806000232696533,-0.9695000052452087,1.3614000082015991,-9.829999923706055,-2.063699960708618,-4.28879976272583,-17.266300201416016,2.2160000801086426,-5.740600109100342,15.236900329589844,0.40130001306533813,-2.6394999027252197,7.658699989318848,-0.0,-0.0,0.0,-83.52790069580078,30.00029945373535,44.79499816894531,90.25340270996094,-59.99980163574219,-60.219398498535156,-0.0,0.0,-36.01490020751953,29.6835994720459,1.8071999549865723,1.0298000574111938,-7.125,0.0,-0.0,2.4993999004364014,32.05329895019531,-0.7925999760627747,-0.0,-0.0,0.0,87.44490051269531,1.945199966430664,46.43230056762695,-133.22659301757812,51.608299255371094,-96.37930297851562,0.0,-0.0,-21.88949966430664,-26.35759925842285,41.3916015625,-18.13949966430664,7.125,-0.0,-0.0,5.0065999031066895,14.399100303649902,6.1143999099731445
-1.416200041770935,17.684799194335938,-22.15850067138672,-2.9951000213623047,-2.1257998943328857,5.214600086212158,0.0,0.0,0.0,-11.384200096130371,-7.437099933624268,-49.852901458740234,20.68939971923828,19.98859977722168,92.01609802246094,-0.323199987411499,-10.20300006866455,5.820700168609619,0.3391000032424927,-3.7421000003814697,-10.352299690246582,0.0,0.0,0.0,30.021400451660156,5.693600177764893,4.948999881744385,-4.6981000900268555,-13.035599708557129,39.50170135498047,-0.05889999866485596,-4.579599857330322,-8.342499732971191,-1.3428000211715698,7.336699962615967,-20.716899871826172,4.942200183868408,2.030600070953369,14.427200317382812,1.1672999858856201,3.6298999786376953,-0.28119999170303345,-2.3039000034332275,1.5729000568389893,-8.1806001663208,-1.9840999841690063,-5.181099891662598,-17.439699172973633,2.2523999214172363,-6.9721999168396,14.952199935913086,0.2538999915122986,-3.2183001041412354,7.618899822235107,0.0,-0.0,0.0,-84.38899993896484,33.491600036621094,42.402400970458984,93.23639678955078,-59.96039962768555,-62.802398681640625,-0.0,0.0,-35.09590148925781,29.092199325561523,2.351799964904785,1.3079999685287476,-7.125,0.0,-0.0,2.02810001373291,32.666099548339844,-0.6129999756813049,0.0,-0.0,0.0,87.09200286865234,6.3190999031066895,45.7151985168457,-139.56590270996094,48.32500076293945,-101.23719787597656,0.0,-0.0,-23.1023006439209,-31.10300064086914,47.34579849243164,-23.92729949951172,7.125,-0.0,-0.0,4.460299968719482,21.62299919128418,5.803199768066406
-1.3221999406814575,18.092199325561523,-19.95170021057129,-2.110100030899048,1.044800043106079,3.878700017929077,0.0,0.0,0.0,-13.255000114440918,-12.049500465393066,-46.18659973144531,14.264399528503418,19.19230079650879,73.01029968261719,-0.30169999599456787,-9.739399909973145,4.703100204467773,0.4625000059604645,-4.362400054931641,-12.098400115966797,0.0,0.0,0.0,28.1697998046875,0.2867000102996826,14.15530014038086,-2.669100046157837,-10.139100074768066,29.42840003967285,-0.44290000200271606,-11.520500183105469,13.396699905395508,-0.8519999980926514,5.88670015335083,-16.456100463867188,4.9980998039245605,1.7482999563217163,15.552300453186035,0.9348000288009644,3.3526999950408936,-1.0325000286102295,-2.5996999740600586,1.3704999685287476,-9.64739990234375,-1.795300006866455,-5.6020002365112305,-17.303499221801758,2.097899913787842,-7.628799915313721,16.592300415039062,0.07280000299215317,-3.512399911880493,8.141200065612793,0.0,0.0,0.0,-86.68560028076172,38.66830062866211,38.151100158691406,97.61419677734375,-59.77980041503906,-66.58920288085938,-0.0,0.0,-35.169498443603516,28.37190055847168,0.8734999895095825,0.4717000126838684,-7.125,0.0,-0.0,1.4362000226974487,30.970699310302734,-0.4925000071525574,0.0,0.0,0.0,85.6166000366211,7.053699970245361,44.88959884643555,-141.4384002685547,47.19419860839844,-102.62359619140625,0.0,-0.0,-21.096900939941406,-25.02359962463379,41.35770034790039,-17.142200469970703,7.125,-0.0,-0.0,5.65910005569458,14.004199981689453,6.889400005340576
-1.2151999473571777,18.34819984436035,-17.68239974975586,-1.3301000595092773,1.670699954032898,3.3573999404907227,0.0,0.0,0.0,-15.088399887084961,-13.274499893188477,-40.95389938354492,7.823299884796143,15.987700462341309,51.92369842529297,-0.3781000077724457,-10.8503999710083,4.8221001625061035,0.5559999942779541,-4.776500225067139,-13.272100448608398,0.0,0.0,0.0,28.322999954223633,1.3000999689102173,21.307600021362305,-2.264899969100952,-9.397299766540527,27.046199798583984,-1.7355999946594238,-14.695199966430664,24.28380012512207,-0.002099999925121665,-0.29789999127388,0.8184999823570251,4.447000026702881,2.263000011444092,14.181400299072266,0.5361999869346619,3.8206000328063965,-1.0268000364303589,-2.7493999004364014,1.6420999765396118,-8.825200080871582,-1.7546000480651855,-6.1132001876831055,-17.417699813842773,2.868299961090088,-8.54640007019043,17.591400146484375,0.18559999763965607,-3.8415000438690186,8.553099632263184,0.0,0.0,0.0,-88.94300079345703,42.55009841918945,33.874298095703125,105.79969787597656,-59.035400390625,-73.63860321044922,-0.0,0.0,-35.38130187988281,28.397499084472656,0.47859999537467957,0.2587999999523163,-7.125,0.0,-0.0,1.451799988746643,30.5221004486084,-0.5134000182151794,0.0,0.0,0.0,84.368896484375,6.874800205230713,44.94409942626953,-141.56820678710938,47.11289978027344,-102.71869659423828,0.0,-0.0,-20.516000747680664,-26.192699432373047,40.5447998046875,-17.73200035095215,7.125,-0.0,-0.0,4.887800216674805,13.51259994506836,5.913300037384033
-1.2032999992370605,18.32430076599121,-15.61400032043457,-2.6707000732421875,3.161900043487549,4.537300109863281,0.0,0.0,0.0,-14.217300415039062,-13.531900405883789,-38.36180114746094,3.634399890899658,11.657400131225586,34.530399322509766,-0.4302000105381012,-11.788599967956543,6.975900173187256,0.7523000240325928,-5.539899826049805,-15.454999923706055,0.0,0.0,0.0,32.71979904174805,4.299900054931641,19.871299743652344,-4.30109977722168,-12.550700187683105,37.708900451660156,-1.0927000045776367,-14.523799896240234,19.90839958190918,-0.2612000107765198,-3.2876999378204346,9.08080005645752,4.896900177001953,2.107599973678589,13.28950023651123,0.9404000043869019,3.695199966430664,-1.5124000310897827,-2.5104000568389893,1.565000057220459,-8.855899810791016,-1.9301999807357788,-6.3379998207092285,-18.208999633789062,3.568000078201294,-8.962699890136719,17.78420066833496,0.3634999990463257,-3.9547998905181885,8.814399719238281,-0.0,-0.0,0.0,-91.60089874267578,44.31209945678711,30.353900909423828,114.33709716796875,-57.639198303222656,-80.90950012207031,-0.0,0.0,-33.884498596191406,26.516399383544922,-0.6061000227928162,-0.30239999294281006,-7.125,0.0,-0.0,-0.03929999843239784,29.302400588989258,0.01510000042617321,-0.0,-0.0,0.0,84.13980102539062,5.206900119781494,45.94459915161133,-138.67129516601562,48.83769989013672,-100.56629943847656,0.0,-0.0,-21.175600051879883,-25.754600524902344,41.32500076293945,-17.670299530029297,7.125,-0.0,-0.0,5.2891998291015625,14.168000221252441,6.446599960327148
-1.191100001335144,18.168699264526367,-13.554900169372559,-1.9664000272750854,3.7892000675201416,3.980799913406372,0.0,0.0,0.0,-17.81800079345703,-9.826000213623047,-35.243900299072266,2.4628000259399414,9.770000457763672,28.235000610351562,-0.39800000190734863,-11.137800216674805,5.107900142669678,1.3847999572753906,-7.445899963378906,-21.04330062866211,0.0,0.0,0.0,33.22610092163086,4.938799858093262,15.849900245666504,-8.477800369262695,-16.459699630737305,54.2661018371582,-0.474700003862381,-16.461700439453125,15.876899719238281,-0.8946999907493591,-6.028600215911865,16.867399215698242,3.6194000244140625,2.212599992752075,13.627400398254395,0.6342999935150146,3.5897998809814453,-0.8349999785423279,-2.0985000133514404,1.5888999700546265,-8.372200012207031,-1.6862000226974487,-6.353499889373779,-18.12820053100586,3.836199998855591,-8.992799758911133,15.789799690246582,0.44359999895095825,-3.9728000164031982,8.127900123596191,0.0,-0.0,0.0,-91.83380126953125,42.173500061035156,30.74810028076172,119.7686996459961,-56.371299743652344,-85.46640014648438,-0.0,0.0,-32.531898498535156,26.286699295043945,-1.0814000368118286,-0.5340999960899353,-7.125,0.0,-0.0,-0.2207999974489212,28.77359962463379,0.08720000088214874,0.0,-0.0,0.0,84.67109680175781,2.815200090408325,46.268001556396484,-132.34640502929688,52.00419998168945,-95.6875,0.0,-0.0,-21.40959930419922,-23.83300018310547,41.37269973754883,-16.27630043029785,7.125,-0.0,-0.0,6.2530999183654785,13.708600044250488,7.596199989318848
-1.1955000162124634,17.760499954223633,-11.529199600219727,-0.515500009059906,5.350399971008301,2.9170000553131104,0.0,0.0,0.0,-21.94659996032715,-5.939700126647949,-34.18360137939453,3.4393999576568604,11.374500274658203,33.55339813232422,-0.9514999985694885,-17.19610023498535,3.4121999740600586,0.4185999929904938,-4.152699947357178,-11.506600379943848,0.0,0.0,0.0,30.937999725341797,3.1675000190734863,7.92579984664917,-14.779999732971191,-19.333799362182617,74.572998046875,-0.20100000500679016,-17.20639991760254,13.949899673461914,-0.1898999959230423,-2.8062000274658203,7.739699840545654,1.6612999439239502,1.9342999458312988,14.572999954223633,0.1404000073671341,2.861999988555908,-0.0364999994635582,-1.3977999687194824,1.319100022315979,-8.151300430297852,-1.6190999746322632,-6.606800079345703,-18.150400161743164,4.26609992980957,-9.374600410461426,14.65820026397705,0.5424000024795532,-4.133299827575684,7.784900188446045,0.0,0.0,0.0,-90.14749908447266,37.398799896240234,34.02880096435547,123.44200134277344,-55.320701599121094,-88.50659942626953,-0.0,0.0,-32.74290084838867,28.10770034790039,0.15160000324249268,0.08100000023841858,-7.125,0.0,-0.0,1.2182999849319458,30.15049934387207,-0.4415999948978424,0.0,0.0,0.0,85.6803970336914,-0.9293000102043152,46.00389862060547,-122.0353012084961,55.742698669433594,-87.3469009399414,0.0,-0.0,-19.583799362182617,-24.853700637817383,36.635501861572266,-15.451000213623047,7.125,-0.0,-0.0,4.736700057983398,9.23639965057373,5.4527997970581055
-1.1865999698638916,17.3617000579834,-9.540900230407715,1.6562000513076782,6.771100044250488,0.9722999930381775,0.0,0.0,0.0,-24.502899169921875,-5.238399982452393,-30.514299392700195,6.040900230407715,14.46780014038086,45.145599365234375,-0.589900016784668,-18.792999267578125,-7.157100200653076,0.022600000724196434,0.9707000255584717,2.668299913406372,0.0,0.0,0.0,25.650800704956055,0.310699999332428,-1.4902000427246094,-21.334199905395508,-19.957300186157227,93.90360260009766,-0.1420000046491623,-15.437000274658203,12.313199996948242,-1.042099952697754,-6.492199897766113,18.21929931640625,-0.9930999875068665,1.7055000066757202,17.585100173950195,-0.5013999938964844,2.0123000144958496,0.6894999742507935,-0.4837999939918518,0.9941999912261963,-9.148699760437012,-1.3832999467849731,-6.464099884033203,-18.409700393676758,4.666200160980225,-9.298800468444824,14.369099617004395,0.6417999863624573,-4.046500205993652,7.742499828338623,-0.0,0.0,0.0,-88.45099639892578,30.275400161743164,38.15599822998047,125.82250213623047,-54.547401428222656,-90.4552001953125,-0.0,0.0,-33.17190170288086,28.577999114990234,0.5742999911308289,0.31279999017715454,-7.125,0.0,-0.0,1.5963000059127808,30.631500244140625,-0.5604000091552734,-0.0,0.0,0.0,87.13099670410156,-4.804999828338623,45.10490036010742,-106.2229995727539,58.9818000793457,-74.00150299072266,0.0,-0.0,-22.583900451660156,-22.650699615478516,36.56060028076172,-13.95930004119873,7.125,-0.0,-0.0,5.89169979095459,8.6225004196167,6.741600036621094
-1.1506999731063843,17.012699127197266,-7.65749979019165,4.67710018157959,7.459499835968018,2.3845999240875244,0.0,0.0,0.0,-28.446800231933594,-5.732800006866455,-25.866899490356445,7.266499996185303,15.552300453186035,49.87519836425781,0.849399983882904,-14.08080005645752,-17.926300048828125,0.02250000089406967,0.9693999886512756,2.6644999980926514,0.0,0.0,0.0,17.9955997467041,-0.05350000038743019,-16.329999923706055,-26.808399200439453,-18.850200653076172,110.28050231933594,-0.21889999508857727,-11.54539966583252,10.946700096130371,-1.1270999908447266,-6.743299961090088,18.95709991455078,-3.9347000122070312,1.4657000303268433,17.702199935913086,-1.5342999696731567,1.007200002670288,0.8126000165939331,0.31850001215934753,0.6141999959945679,-9.11139965057373,-1.5089999437332153,-6.392399787902832,-19.35260009765625,5.366799831390381,-9.271499633789062,13.973799705505371,0.8709999918937683,-3.960900068283081,7.8155999183654785,-0.0,-0.0,0.0,-86.96199798583984,19.050500869750977,41.942501068115234,126.01390075683594,-54.48189926147461,-90.61100006103516,-0.0,0.0,-34.87260055541992,27.272199630737305,0.7432000041007996,0.3831000030040741,-7.125,0.0,-0.0,0.5602999925613403,30.81559944152832,-0.19419999420642853,-0.0,-0.0,0.0,89.53929901123047,-9.823800086975098,41.57720184326172,-87.92150115966797,59.983699798583984,-58.20009994506836,0.0,-0.0,-19.44580078125,-26.76140022277832,38.1088981628418,-17.287500381469727,7.125,-0.0,-0.0,4.045199871063232,11.226699829101562,4.765999794006348
-1.1259000301361084,16.847400665283203,-5.815199851989746,5.373700141906738,5.949399948120117,4.657800197601318,0.0,0.0,0.0,-29.289899826049805,-4.730899810791016,-20.37470054626465,7.071300029754639,15.391599655151367,49.14339828491211,1.9047000408172607,-11.2701997756958,-24.864500045776367,0.03370000049471855,-1.1845999956130981,-3.256999969482422,0.0,0.0,0.0,14.404600143432617,3.5848000049591064,-32.65439987182617,-29.567100524902344,-17.64620018005371,119.07440185546875,-0.2517000138759613,-8.364999771118164,9.968500137329102,-1.0183000564575195,-6.419899940490723,18.007600784301758,-5.118500232696533,1.7777999639511108,16.71179962158203,-1.7967000007629395,1.2056000232696533,0.3709000051021576,0.666700005531311,0.7578999996185303,-9.071900367736816,-1.2773000001907349,-6.101099967956543,-20.056400299072266,5.189799785614014,-8.885299682617188,13.722900390625,0.8119000196456909,-3.7751998901367188,7.817599773406982,0.0,-0.0,0.0,-86.0302963256836,8.690099716186523,44.45159912109375,127.28589630126953,-54.033199310302734,-91.64350128173828,-0.0,0.0,-30.45639991760254,27.12299919128418,1.401900053024292,0.7179999947547913,-7.125,0.0,-0.0,0.4401000142097473,31.55459976196289,-0.14470000565052032,0.0,-0.0,0.0,91.33429718017578,-16.95989990234375,38.251800537109375,-82.10189819335938,59.76300048828125,-53.16550064086914,0.0,-0.0,-17.431900024414062,-28.24799919128418,37.510799407958984,-18.1156005859375,7.125,-0.0,-0.0,3.13919997215271,11.034600257873535,3.687000036239624
-1.0642999410629272,17.04170036315918,-3.837100028991699,5.463399887084961,8.245800018310547,5.112100124359131,0.0,0.0,0.0,-29.264999389648438,-4.580999851226807,-10.554300308227539,5.848499774932861,14.279899597167969,44.37049865722656,1.5997999906539917,-10.111300468444824,-22.72879981994629,0.4205999970436096,-4.162499904632568,-11.534199714660645,0.0,0.0,0.0,13.12909984588623,3.2421998977661133,-43.718299865722656,-28.9237003326416,-17.972200393676758,116.97100067138672,-0.19050000607967377,-5.246600151062012,8.055000305175781,-0.48420000076293945,-4.462299823760986,12.380900382995605,-4.6834001541137695,-0.22280000150203705,17.07859992980957,-1.05239999294281,-1.3009999990463257,0.526199996471405,1.8377000093460083,-0.4449000060558319,-8.956999778747559,-1.5642000436782837,-4.873700141906738,-21.759000778198242,3.959700107574463,-6.9120001792907715,14.240400314331055,0.6690000295639038,-2.9403998851776123,8.16819953918457,0.0,0.0,0.0,-87.46800231933594,3.3264000415802,42.6431999206543,134.5364990234375,-50.99359893798828,-97.40160369873047,-0.0,0.0,-29.259700775146484,27.72130012512207,-0.3808000087738037,-0.20010000467300415,-7.125,0.0,-0.0,0.9071999788284302,29.548999786376953,-0.3418000042438507,0.0,0.0,0.0,89.23600006103516,-22.86210060119629,39.51259994506836,-88.72859954833984,59.993900299072266,-58.89889907836914,0.0,-0.0,-20.082300186157227,-26.517200469970703,38.723899841308594,-17.334800720214844,7.125,-0.0,-0.0,4.307499885559082,11.77970027923584,5.109000205993652
-1.0276999473571777,17.44529914855957,-1.7541999816894531,5.174600124359131,4.702400207519531,6.320300102233887,0.0,0.0,0.0,-29.043100357055664,-0.2824000120162964,-3.396899938583374,4.374100208282471,12.64229965209961,38.043800354003906,0.5504999756813049,-9.911199569702148,-13.973999977111816,2.1975998878479004,-9.26609992980957,-26.63129997253418,0.0,0.0,0.0,12.723400115966797,10.764599800109863,-50.78099822998047,-25.729700088500977,-19.194000244140625,106.97160339355469,-0.17710000276565552,-3.6923999786376953,7.52810001373291,-0.5058000087738037,-4.559100151062012,12.655200004577637,-5.624199867248535,-0.4415999948978424,15.690099716186523,-0.2930999994277954,-1.642899990081787,-0.17839999496936798,3.2495999336242676,-0.5428000092506409,-8.877900123596191,-1.6891000270843506,-3.36680006980896,-21.197099685668945,3.1981000900268555,-4.677999973297119,14.142499923706055,0.7422999739646912,-1.9810999631881714,7.958099842071533,0.0,0.0,0.0,-87.14700317382812,2.4107000827789307,40.847801208496094,143.40269470214844,-45.91960144042969,-104.04989624023438,-0.0,0.0,-35.88290023803711,29.020299911499023,0.2718000113964081,0.15080000460147858,-7.125,0.0,-0.0,1.9413000345230103,30.287500381469727,-0.6976000070571899,0.0,0.0,0.0,86.12640380859375,-28.822500228881836,42.070701599121094,-95.23290252685547,59.89630126953125,-64.53019714355469,0.0,-0.0,-21.075000762939453,-24.9281005859375,38.78379821777344,-16.23189926147461,7.125,-0.0,-0.0,5.137499809265137,11.417200088500977,6.07480001449585
-0.963100016117096,17.92490005493164,0.48249998688697815,4.5879998207092285,2.649899959564209,5.451000213623047,0.0,0.0,0.0,-27.833499908447266,3.9646999835968018,6.635499954223633,2.5406999588012695,9.911600112915039,28.690900802612305,-0.4832000136375427,-12.482799530029297,7.4131999015808105,2.651700019836426,-10.108599662780762,-29.32900047302246,0.0,0.0,0.0,13.64840030670166,14.553000450134277,-50.41120147705078,-20.122400283813477,-19.99959945678711,90.35780334472656,-0.07590000331401825,-2.657099962234497,4.955599784851074,-0.22010000050067902,-3.02020001411438,8.335000038146973,-5.024700164794922,-0.7542999982833862,15.367799758911133,0.17759999632835388,-1.905500054359436,-0.713100016117096,3.4783999919891357,-0.6632000207901001,-9.257399559020996,-1.5765000581741333,-2.733299970626831,-18.965900421142578,2.7128000259399414,-3.7855000495910645,14.16819953918457,0.7013000249862671,-1.625,7.554599761962891,0.0,0.0,0.0,-84.7301025390625,4.321599960327148,40.99399948120117,148.24830627441406,-42.3484001159668,-107.42669677734375,-0.0,0.0,-35.388099670410156,27.557100296020508,-0.784500002861023,-0.40939998626708984,-7.125,0.0,-0.0,0.7731999754905701,29.094499588012695,-0.299699991941452,0.0,0.0,0.0,85.56109619140625,-35.40570068359375,41.21620178222656,-98.48660278320312,59.72610092163086,-67.3427963256836,0.0,-0.0,-20.462099075317383,-25.13520050048828,39.41699981689453,-16.589500427246094,7.125,-0.0,-0.0,5.167600154876709,12.104499816894531,6.158599853515625
-0.8736000061035156,18.310100555419922,2.747299909591675,3.241300106048584,0.03669999912381172,5.301000118255615,0.0,0.0,0.0,-26.33009910583496,5.867099761962891,14.778400421142578,1.2992000579833984,7.221199989318848,20.372299194335938,1.6684000492095947,-7.19950008392334,27.906600952148438,1.7283999919891357,-8.275899887084961,-23.555200576782227,0.0,0.0,0.0,15.286399841308594,17.961700439453125,-47.73440170288086,-13.309300422668457,-18.891000747680664,70.08350372314453,0.006000000052154064,-4.026299953460693,2.563699960708618,-0.031300000846385956,-1.1426000595092773,3.1412999629974365,-3.28410005569458,-0.805899977684021,14.418800354003906,0.7591999769210815,-1.580299973487854,-1.3559000492095947,3.031899929046631,-0.5636000037193298,-9.475099563598633,-1.6821999549865723,-2.3594000339508057,-17.868200302124023,2.2818000316619873,-3.198699951171875,14.731900215148926,0.6552000045776367,-1.3997000455856323,7.534299850463867,-0.0,0.0,0.0,-82.88490295410156,6.797999858856201,41.281700134277344,150.1298065185547,-40.781898498535156,-108.67530059814453,-0.0,0.0,-33.18870162963867,26.775299072265625,-2.4570999145507812,-1.239300012588501,-7.125,0.0,-0.0,0.14100000262260437,27.22800064086914,-0.0608999989926815,-0.0,0.0,0.0,85.88569641113281,-40.95909881591797,38.70899963378906,-102.51129913330078,59.40019989013672,-70.81320190429688,0.0,-0.0,-19.544700622558594,-26.495800018310547,38.3557014465332,-17.188600540161133,7.125,-0.0,-0.0,4.2368998527526855,11.403200149536133,5.003200054168701
-0.8064000010490417,18.619400024414062,4.9822998046875,3.762200117111206,0.08370000123977661,5.716899871826172,0.0,0.0,0.0,-27.52359962463379,3.3605000972747803,18.657800674438477,1.4842000007629395,7.697000026702881,21.797300338745117,2.3022000789642334,-6.559299945831299,31.582700729370117,0.5942999720573425,-4.935200214385986,-13.723799705505371,0.0,0.0,0.0,14.984700202941895,17.83919906616211,-43.76319885253906,-6.904099941253662,-15.25059986114502,48.51070022583008,0.015200000256299973,-5.348999977111816,3.2483999729156494,-0.03840000182390213,1.2652000188827515,-3.4788999557495117,-3.080399990081787,-1.4342000484466553,13.848099708557129,0.8447999954223633,-2.365600109100342,-1.9119000434875488,3.1721999645233154,-0.9363999962806702,-9.702099800109863,-1.656599998474121,-2.154099941253662,-17.00079917907715,2.058000087738037,-2.8910999298095703,14.454299926757812,0.6215999722480774,-1.2818000316619873,7.28410005569458,0.0,0.0,0.0,-81.77680206298828,9.564900398254395,41.99570083618164,150.60299682617188,-40.37089920043945,-108.98310089111328,-0.0,0.0,-36.124000549316406,26.61870002746582,-0.4316999912261963,-0.21639999747276306,-7.125,0.0,-0.0,0.0414000004529953,29.49679946899414,-0.015699999406933784,0.0,0.0,0.0,86.30760192871094,-43.77299880981445,36.408599853515625,-106.11299896240234,58.99589920043945,-73.9072036743164,0.0,-0.0,-18.177499771118164,-25.964399337768555,38.4203987121582,-16.83639907836914,7.125,-0.0,-0.0,4.525400161743164,11.325300216674805,5.34089994430542
-0.7878999710083008,18.694599151611328,7.10699987411499,5.170000076293945,1.3849999904632568,5.908899784088135,0.0,0.0,0.0,-28.861299514770508,0.5074999928474426,18.32379913330078,3.0875000953674316,10.83530044555664,31.726499557495117,1.9075000286102295,-8.408300399780273,30.241600036621094,0.6227999925613403,-5.050099849700928,-14.051400184631348,0.0,0.0,0.0,13.871999740600586,16.787599563598633,-39.18119812011719,-3.0336999893188477,-10.74940013885498,31.43939971923828,0.23549999296665192,-10.141799926757812,2.080899953842163,-0.19830000400543213,2.867799997329712,-7.910900115966797,-3.95989990234375,-1.957200050354004,13.998900413513184,0.809499979019165,-3.2218000888824463,-1.7919000387191772,3.815700054168701,-1.3062000274658203,-9.549300193786621,-2.0409998893737793,-2.2488999366760254,-17.994300842285156,2.041100025177002,-2.884500026702881,13.607199668884277,0.6729999780654907,-1.297700047492981,7.180600166320801,-0.0,0.0,0.0,-82.64320373535156,11.941699981689453,42.15119934082031,148.1988067626953,-42.388099670410156,-107.39340209960938,-0.0,0.0,-37.10490036010742,24.926799774169922,-1.476099967956543,-0.6858999729156494,-7.125,0.0,-0.0,-1.2781000137329102,28.351299285888672,0.5180000066757202,-0.0,0.0,0.0,87.80950164794922,-42.38410186767578,33.214900970458984,-106.31340026855469,58.97019958496094,-74.07890319824219,0.0,-0.0,-17.52280044555664,-25.440000534057617,39.50619888305664,-16.836599349975586,7.125,-0.0,-0.0,5.031899929046631,12.274100303649902,6.0071001052856445
-0.7404000163078308,18.60409927368164,9.270400047302246,5.216300010681152,1.3202999830245972,5.2129998207092285,0.0,0.0,0.0,-28.68320083618164,-0.5760999917984009,14.94789981842041,6.298399925231934,14.711400032043457,46.16780090332031,2.0260000228881836,-7.567500114440918,30.468700408935547,0.18639999628067017,-2.780400037765503,-7.667799949645996,0.0,0.0,0.0,14.493499755859375,17.23310089111328,-34.58869934082031,-1.8664000034332275,-8.581999778747559,24.496200561523438,0.4426000118255615,-13.913900375366211,2.9526000022888184,-0.5236999988555908,4.637899875640869,-12.878499984741211,-3.3873000144958496,-1.7621999979019165,13.545299530029297,0.8317999839782715,-2.824199914932251,-0.8263999819755554,3.378000020980835,-1.1958999633789062,-8.293499946594238,-2.426300048828125,-2.6198999881744385,-18.405399322509766,2.2309000492095947,-3.28629994392395,12.394000053405762,0.7516999840736389,-1.4938000440597534,6.871399879455566,0.0,-0.0,0.0,-84.07160186767578,12.668499946594238,41.65650177001953,141.7899932861328,-46.972900390625,-102.88099670410156,-0.0,0.0,-36.62990188598633,25.692899703979492,-1.3955999612808228,-0.6712999939918518,-7.125,0.0,-0.0,-0.6837000250816345,28.43079948425293,0.27570000290870667,0.0,-0.0,0.0,89.35440063476562,-38.032501220703125,30.31730079650879,-102.90409851074219,59.36140060424805,-71.15129852294922,0.0,-0.0,-16.707300186157227,-25.24410057067871,39.45989990234375,-16.681299209594727,7.125,-0.0,-0.0,5.121500015258789,12.17609977722168,6.1082000732421875
-0.6797000169754028,18.250699996948242,11.362700462341309,2.719399929046631,-0.8950999975204468,3.7100000381469727,0.0,0.0,0.0,-25.011199951171875,0.6840000152587891,8.884099960327148,11.400099754333496,18.12540054321289,64.0740966796875,2.353300094604492,-6.058000087738037,31.621299743652344,0.24269999563694,-3.170099973678589,-8.752599716186523,0.0,0.0,0.0,20.406299591064453,15.083999633789062,-31.710599899291992,-2.3010001182556152,-9.466699600219727,27.26650047302246,0.011500000022351742,-8.173199653625488,5.489200115203857,-0.03420000150799751,1.1929999589920044,-3.279900074005127,-0.9444000124931335,-1.048200011253357,14.860099792480469,1.4046000242233276,-1.4323999881744385,-0.44350001215934753,2.360599994659424,-0.6110000014305115,-8.776599884033203,-2.5018999576568604,-2.7967000007629395,-17.771299362182617,2.4014999866485596,-3.540800094604492,11.989999771118164,0.7991999983787537,-1.611299991607666,6.6458001136779785,-0.0,0.0,0.0,-85.96050262451172,14.774499893188477,39.230098724365234,131.9051055908203,-52.197601318359375,-95.33930206298828,-0.0,0.0,-35.23630142211914,25.976200103759766,-1.6822999715805054,-0.8195000290870667,-7.125,0.0,-0.0,-0.4652000069618225,28.10849952697754,0.19120000302791595,-0.0,0.0,0.0,89.10980224609375,-33.294498443603516,30.579599380493164,-97.8468017578125,59.7661018371582,-66.79019927978516,0.0,-0.0,-16.671199798583984,-24.718299865722656,40.000099182128906,-16.483400344848633,7.125,-0.0,-0.0,5.506700038909912,12.576899528503418,6.600500106811523
-0.6312000155448914,17.703899383544922,13.417699813842773,1.8601000308990479,-4.131400108337402,2.586400032043457,0.0,0.0,0.0,-21.798599243164062,3.3262999057769775,0.715399980545044,17.200700759887695,19.811100006103516,81.79060363769531,2.4679999351501465,-6.292699813842773,32.41680145263672,0.06400000303983688,-1.6324000358581543,-4.490799903869629,0.0,0.0,0.0,23.731399536132812,14.821700096130371,-30.56760025024414,-4.809500217437744,-13.166000366210938,39.993099212646484,-0.08669999986886978,-1.7728999853134155,-6.511899948120117,-0.2321999967098236,-3.1017000675201416,8.56190013885498,-0.4250999987125397,0.19349999725818634,16.143199920654297,1.4313000440597534,0.3082999885082245,-0.010700000450015068,1.7130000591278076,0.2029000073671341,-9.105400085449219,-2.3376998901367188,-2.9307000637054443,-19.058700561523438,2.4377999305725098,-3.756700038909912,12.684599876403809,0.7426000237464905,-1.6886999607086182,7.088900089263916,-0.0,-0.0,0.0,-87.29419708251953,16.668399810791016,36.95669937133789,119.46160125732422,-56.451698303222656,-85.21050262451172,-0.0,0.0,-33.269500732421875,28.589399337768555,0.4074000120162964,0.22200000286102295,-7.125,0.0,-0.0,1.6028000116348267,30.441699981689453,-0.5699999928474426,-0.0,-0.0,0.0,88.55370330810547,-27.01889991760254,32.562198638916016,-94.66899871826172,59.91749954223633,-64.04239654541016,0.0,-0.0,-17.55270004272461,-25.61639976501465,40.26210021972656,-17.216899871826172,7.125,-0.0,-0.0,5.1118998527526855,13.075200080871582,6.157400131225586
-0.6629999876022339,17.233800888061523,15.366000175476074,-2.2146999835968018,-6.5391998291015625,2.659899950027466,0.0,0.0,0.0,-12.869999885559082,4.616099834442139,-9.952799797058105,22.737499237060547,19.819400787353516,98.0271987915039,1.5889999866485596,-9.391900062561035,28.82430076599121,0.007699999958276749,-0.5666000247001648,-1.5570000410079956,0.0,0.0,0.0,29.970600128173828,18.502700805664062,-25.90719985961914,-6.93120002746582,-15.273699760437012,48.613800048828125,-0.6129999756813049,-4.98960018157959,-17.44569969177246,-0.3133000135421753,-3.598299980163574,9.949299812316895,2.4509999752044678,1.181399941444397,17.447900772094727,2.62280011177063,2.299299955368042,0.48019999265670776,0.8738999962806702,1.0515999794006348,-9.305899620056152,-1.9443000555038452,-2.93530011177063,-20.57379913330078,1.8463000059127808,-3.7291998863220215,12.340700149536133,0.47350001335144043,-1.701799988746643,7.204899787902832,-0.0,-0.0,0.0,-88.27690124511719,17.005399703979492,34.51380157470703,100.6895980834961,-59.56380081176758,-69.243896484375,-0.0,0.0,-33.616600036621094,28.546899795532227,-1.257099986076355,-0.6837999820709229,-7.125,0.0,-0.0,1.5348999500274658,28.547399520874023,-0.6150000095367432,-0.0,-0.0,0.0,87.7208023071289,-17.913700103759766,35.5077018737793,-92.1676025390625,59.982200622558594,-61.87710189819336,0.0,-0.0,-16.89739990234375,-26.974599838256836,37.03929901123047,-17.044700622558594,7.125,-0.0,-0.0,3.7011001110076904,10.20199966430664,4.306300163269043
-0.6564000248908997,16.957599639892578,17.199499130249023,-3.492799997329712,-3.4024999141693115,3.1242001056671143,0.0,0.0,0.0,-8.368399620056152,-1.5410000085830688,-22.50550079345703,26.432600021362305,18.977500915527344,109.12129974365234,1.006100058555603,-10.909299850463867,25.808700561523438,0.0052999998442828655,0.4702000021934509,1.2920000553131104,0.0,0.0,0.0,32.8297004699707,15.303199768066406,-21.22450065612793,-7.740900039672852,-15.925299644470215,51.624000549316406,-1.4452999830245972,-7.160999774932861,-26.30150032043457,-0.05689999833703041,-1.5397000312805176,4.235199928283691,4.144499778747559,0.23989999294281006,18.483600616455078,3.1424999237060547,1.5191999673843384,0.3741999864578247,0.671500027179718,0.60589998960495,-9.979599952697754,-1.455899953842163,-2.8750998973846436,-20.844900131225586,1.2720999717712402,-3.6670000553131104,11.382399559020996,0.2184000015258789,-1.7072999477386475,6.911200046539307,0.0,0.0,0.0,-88.82540130615234,16.551300048828125,31.895099639892578,73.53070068359375,-58.94990158081055,-45.787498474121094,-0.0,0.0,-33.082401275634766,38.3202018737793,15.218999862670898,11.720800399780273,-7.125,0.0,-0.0,10.566100120544434,48.8135986328125,1.00409996509552,0.0,0.0,0.0,86.46199798583984,-8.564499855041504,39.467899322509766,-95.4198989868164,59.88869857788086,-64.69200134277344,0.0,-0.0,-19.526399612426758,-24.47130012512207,37.12369918823242,-15.359399795532227,7.125,-0.0,-0.0,5.035200119018555,9.632699966430664,5.827400207519531
-0.6565999984741211,16.996599197387695,19.219499588012695,-3.694999933242798,-3.5016000270843506,3.936000108718872,0.0,0.0,0.0,-6.522900104522705,-4.3618998527526855,-33.44269943237305,27.021499633789062,18.77440071105957,110.94120025634766,0.2547000050544739,-11.269200325012207,19.258499145507812,0.20489999651908875,-2.914400100708008,-8.040499687194824,0.0,0.0,0.0,34.29309844970703,11.734800338745117,-13.258199691772461,-7.0279998779296875,-15.355500221252441,48.98030090332031,-1.8310999870300293,-7.908599853515625,-29.43630027770996,-0.1543000042438507,2.5311999320983887,-6.976099967956543,4.34630012512207,0.9447000026702881,17.387800216674805,3.1410999298095703,2.4349000453948975,0.10809999704360962,0.3319000005722046,1.0363999605178833,-9.633000373840332,-1.5709999799728394,-3.222100019454956,-20.790700912475586,1.6446000337600708,-4.174200057983398,11.876399993896484,0.2946000099182129,-1.9174000024795532,7.082699775695801,0.0,0.0,0.0,-87.506103515625,19.58180046081543,33.40489959716797,61.222999572753906,-56.62710189819336,-35.360599517822266,-0.0,0.0,-31.9424991607666,48.36970138549805,27.19219970703125,27.21030044555664,-7.125,0.0,-0.0,25.88909912109375,65.94629669189453,13.482999801635742,0.0,0.0,0.0,85.9269027709961,-2.1019999980926514,42.5724983215332,-109.73310089111328,58.47629928588867,-77.00189971923828,0.0,-0.0,-25.41670036315918,-22.078800201416016,34.34619903564453,-12.890299797058105,7.125,-0.0,-0.0,5.818299770355225,6.258299827575684,6.449699878692627
-0.6467999815940857,17.24250030517578,21.296100616455078,-4.257199764251709,-3.4254000186920166,4.6956000328063965,0.0,0.0,0.0,-5.850299835205078,-7.632699966430664,-41.284698486328125,25.149999618530273,19.3518009185791,105.2156982421875,-0.09080000221729279,-8.625300407409668,10.35669994354248,0.3828999996185303,-3.974100112915039,-11.003700256347656,0.0,0.0,0.0,35.29050064086914,8.18850040435791,-4.791100025177002,-5.842299938201904,-14.273799896240234,44.34560012817383,-1.354699969291687,-7.157199859619141,-25.625499725341797,-0.8431000113487244,5.856800079345703,-16.36949920654297,5.323800086975098,1.695199966430664,16.833599090576172,2.710700035095215,3.57069993019104,-0.3799999952316284,-0.9531000256538391,1.5104999542236328,-9.745400428771973,-1.4485000371932983,-4.071300029754639,-21.16819953918457,2.7081000804901123,-5.542200088500977,12.193699836730957,0.4472000002861023,-2.4547998905181885,7.301199913024902,-0.0,-0.0,0.0,-84.91850280761719,24.056100845336914,35.9828987121582,63.077999114990234,-57.07590103149414,-36.913700103759766,-0.0,0.0,-31.74020004272461,33.89189910888672,10.541999816894531,7.006700038909912,-7.125,0.0,-0.0,6.188700199127197,42.53300094604492,-0.3783000111579895,-0.0,-0.0,0.0,86.07240295410156,2.1314001083374023,44.83150100708008,-125.30609893798828,54.72169876098633,-90.03399658203125,0.0,-0.0,-29.252899169921875,-20.826000213623047,35.270599365234375,-12.388199806213379,7.125,-0.0,-0.0,6.650199890136719,6.912700176239014,7.44980001449585
-0.5745000243186951,17.659799575805664,23.496999740600586,-3.819499969482422,-2.3905999660491943,5.30620002746582,0.0,0.0,0.0,-7.690299987792969,-12.214599609375,-44.245601654052734,20.619699478149414,19.990800857543945,91.81199645996094,0.03750000149011612,-4.522900104522705,7.679699897766113,0.5480999946594238,-4.7428998947143555,-13.1766996383667,0.0,0.0,0.0,33.58409881591797,3.9958999156951904,2.4405999183654785,-4.517300128936768,-12.818599700927734,38.69329833984375,-0.30790001153945923,-4.43179988861084,-13.064000129699707,-0.7856000065803528,5.658299922943115,-15.796099662780762,6.176700115203857,2.2432000637054443,15.629899978637695,1.9768999814987183,4.330599784851074,-0.9474999904632568,-2.35509991645813,1.811400055885315,-9.527099609375,-1.5145000219345093,-4.997399806976318,-21.526899337768555,3.10509991645813,-6.861999988555908,12.728799819946289,0.4074999988079071,-3.03410005569458,7.582300186157227,0.0,0.0,0.0,-83.48989868164062,28.528900146484375,36.43960189819336,68.20819854736328,-58.12730026245117,-41.24639892578125,-0.0,0.0,-32.930198669433594,30.744400024414062,5.697500228881836,3.3794000148773193,-7.125,0.0,-0.0,3.4107000827789307,36.58290100097656,-0.707099974155426,0.0,0.0,0.0,85.26100158691406,3.1793999671936035,47.01940155029297,-137.7241973876953,49.361900329589844,-99.85040283203125,0.0,-0.0,-27.877199172973633,-21.280899047851562,38.78519821166992,-13.711400032043457,7.125,-0.0,-0.0,7.018199920654297,10.5246000289917,8.238300323486328
-0.5361999869346619,18.08769989013672,25.84749984741211,-3.0508999824523926,-0.52920001745224,4.184299945831299,0.0,0.0,0.0,-10.359000205993652,-15.660699844360352,-41.25419998168945,14.062800407409668,19.132999420166016,72.39620208740234,-0.009800000116229057,-3.6426000595092773,4.723899841308594,0.7720999717712402,-5.610599994659424,-15.65880012512207,0.0,0.0,0.0,30.678600311279297,-1.243899941444397,10.756799697875977,-2.9560999870300293,-10.623600006103516,31.020700454711914,-0.4472000002861023,-6.950099945068359,12.136699676513672,-0.3497999906539917,3.800100088119507,-10.515000343322754,6.410799980163574,2.507699966430664,14.15530014038086,1.4656000137329102,4.549200057983398,-0.850600004196167,-2.990299940109253,1.9390000104904175,-8.49839973449707,-1.7102999687194824,-5.553699970245361,-20.489299774169922,3.4505999088287354,-7.631199836730957,12.6496000289917,0.47760000824928284,-3.3922998905181885,7.42549991607666,0.0,-0.0,0.0,-83.18460083007812,32.760501861572266,34.98830032348633,73.25170135498047,-58.91310119628906,-45.548500061035156,-0.0,0.0,-34.58760070800781,37.94089889526367,14.421699523925781,10.98840045928955,-7.125,0.0,-0.0,10.145600318908691,47.7776985168457,0.7020999789237976,0.0,-0.0,0.0,83.39360046386719,2.69320011138916,48.39039993286133,-144.11549377441406,45.43349838256836,-104.55989837646484,0.0,-0.0,-27.034299850463867,-19.336599349975586,35.68429946899414,-11.568300247192383,7.125,-0.0,-0.0,7.519400119781494,7.009099960327148,8.449799537658691
-0.5320000052452087,18.340999603271484,28.13610076904297,-2.026400089263916,0.7328000068664551,4.3333001136779785,0.0,0.0,0.0,-13.157699584960938,-16.670400619506836,-37.40999984741211,7.604499816894531,15.820500373840332,51.12540054321289,-0.12409999966621399,-6.344900131225586,1.06659996509552,2.705399990081787,-10.202199935913086,-29.633899688720703,0.0,0.0,0.0,29.671100616455078,-0.5045999884605408,16.50200080871582,-2.777600049972534,-10.326000213623047,30.039100646972656,-2.000200033187866,-12.183600425720215,25.554899215698242,-0.5112000107765198,-4.583000183105469,12.722900390625,5.589600086212158,2.74180006980896,12.546199798583984,0.8608999848365784,4.588699817657471,-1.4342999458312988,-3.102799892425537,1.986799955368042,-8.219300270080566,-1.8980000019073486,-5.768499851226807,-19.36829948425293,4.019400119781494,-8.024900436401367,13.349699974060059,0.6604999899864197,-3.538100004196167,7.51609992980957,-0.0,-0.0,0.0,-83.31539916992188,37.58530044555664,32.39509963989258,81.47940063476562,-59.723899841308594,-52.62779998779297,-0.0,0.0,-35.834800720214844,34.69390106201172,12.252599716186523,8.35789966583252,-7.125,0.0,-0.0,6.940899848937988,44.662899017333984,-0.057999998331069946,-0.0,-0.0,0.0,81.5093002319336,1.200600028038025,51.73720169067383,-146.60989379882812,43.62779998779297,-106.30950164794922,0.0,-0.0,-26.120800018310547,-23.14080047607422,32.37900161743164,-12.891200065612793,7.125,-0.0,-0.0,4.912899971008301,4.496399879455566,5.301799774169922
-0.5593000054359436,18.444299697875977,30.342300415039062,-2.8041999340057373,0.21870000660419464,4.688399791717529,0.0,0.0,0.0,-14.247599601745605,-14.194600105285645,-34.11249923706055,3.031599998474121,10.746100425720215,31.428199768066406,-0.1429000049829483,-9.025099754333496,9.755900382995605,0.5115000009536743,-4.5843000411987305,-12.72659969329834,0.0,0.0,0.0,32.17279815673828,3.3190999031066895,17.89430046081543,-4.6828999519348145,-13.017499923706055,39.43410110473633,-1.5915000438690186,-13.280900001525879,23.08289909362793,-0.4668999910354614,-4.382999897003174,12.156599998474121,5.643700122833252,3.162100076675415,12.155200004577637,0.83160001039505,5.150100231170654,-1.8681000471115112,-3.253200054168701,2.24180006980896,-8.40999984741211,-1.6174999475479126,-5.650400161743164,-20.09779930114746,3.800100088119507,-7.958000183105469,14.5733003616333,0.5181999802589417,-3.475100040435791,8.023599624633789,0.0,-0.0,0.0,-84.4655990600586,40.567298889160156,29.66830062866211,91.72720336914062,-59.98870086669922,-61.49570083618164,-0.0,0.0,-36.499000549316406,31.482799530029297,9.342100143432617,5.677000045776367,-7.125,0.0,-0.0,4.021200180053711,40.86589813232422,-0.4106999933719635,0.0,-0.0,0.0,80.63529968261719,-0.28769999742507935,54.543701171875,-145.30320739746094,44.594398498535156,-105.39990234375,0.0,-0.0,-24.452600479125977,-17.888700485229492,40.35279846191406,-11.804499626159668,7.125,-0.0,-0.0,9.032999992370605,11.323399543762207,10.751299858093262
-0.5697000026702881,18.303499221801758,32.515499114990234,-3.4948999881744385,0.8118000030517578,4.02400016784668,0.0,0.0,0.0,-17.542499542236328,-9.282600402832031,-31.809200286865234,1.5465999841690063,7.849800109863281,22.258699417114258,-0.10029999911785126,-8.373900413513184,9.677200317382812,1.2173000574111938,-6.9984002113342285,-19.7106990814209,0.0,0.0,0.0,33.71889877319336,3.854099988937378,16.622299194335938,-8.428799629211426,-16.425800323486328,54.092899322509766,-0.6025999784469604,-20.013700485229492,18.6466007232666,-0.7742999792098999,-5.6184000968933105,15.681300163269043,6.01170015335083,2.8938000202178955,12.059499740600586,0.8938999772071838,4.821499824523926,-1.412500023841858,-3.3087000846862793,2.097100019454956,-7.866600036621094,-1.4945000410079956,-5.541299819946289,-19.772499084472656,3.8814001083374023,-7.7972002029418945,13.348199844360352,0.570900022983551,-3.415600061416626,7.554599761962891,0.0,-0.0,0.0,-86.00050354003906,40.49760055541992,28.182300567626953,99.10929870605469,-59.68410110473633,-67.88050079345703,-0.0,0.0,-37.5348014831543,26.86370086669922,3.0761001110076904,1.5570000410079956,-7.125,0.0,-0.0,0.2101999968290329,33.427101135253906,-0.05959999933838844,0.0,-0.0,0.0,81.07869720458984,-2.36299991607666,55.43669891357422,-140.76499938964844,47.61009979248047,-102.12789916992188,0.0,-0.0,-23.075899124145508,-18.724599838256836,37.80929946899414,-11.738699913024902,7.125,-0.0,-0.0,8.17870044708252,8.993300437927246,9.446000099182129
-0.6437000036239624,17.95359992980957,34.59339904785156,-2.6294000148773193,2.5420000553131104,2.4284000396728516,0.0,0.0,0.0,-21.61590003967285,-5.6656999588012695,-30.672300338745117,1.7625000476837158,8.352800369262695,23.791000366210938,-0.35420000553131104,-11.735400199890137,9.964699745178223,0.6011999845504761,-4.963600158691406,-13.804800033569336,0.0,0.0,0.0,32.671199798583984,2.6540000438690186,11.56980037689209,-14.284299850463867,-19.197999954223633,73.0708999633789,-0.2648000121116638,-25.83449935913086,19.893199920654297,-1.6805000305175781,-8.166299819946289,23.220300674438477,4.236499786376953,2.298799991607666,13.881199836730957,0.7085000276565552,3.8273000717163086,-0.89410001039505,-2.427799940109253,1.6715999841690063,-8.534000396728516,-1.5228999853134155,-5.4334001541137695,-19.981700897216797,3.992300033569336,-7.6427998542785645,13.00059986114502,0.6305000185966492,-3.336400032043457,7.476399898529053,0.0,0.0,0.0,-86.32669830322266,37.68560028076172,29.0408992767334,103.96890258789062,-59.249698638916016,-72.06690216064453,-0.0,0.0,-37.583099365234375,29.417699813842773,7.254300117492676,4.072800159454346,-7.125,0.0,-0.0,2.2571001052856445,38.2849006652832,-0.3734999895095825,0.0,0.0,0.0,82.5031967163086,-5.895199775695801,54.06549835205078,-133.1356964111328,51.64979934692383,-96.30809783935547,0.0,-0.0,-21.216800689697266,-19.94930076599121,37.069000244140625,-12.34119987487793,7.125,-0.0,-0.0,7.412700176239014,8.519800186157227,8.495400428771973
-0.7117999792098999,17.471500396728516,36.63679885864258,-2.3048999309539795,4.762700080871582,1.7323999404907227,0.0,0.0,0.0,-22.667400360107422,-5.922299861907959,-30.986900329589844,4.059299945831299,12.238900184631348,36.58250045776367,-0.638700008392334,-15.804800033569336,-2.0436999797821045,0.0215000007301569,0.9466000199317932,2.601799964904785,0.0,0.0,0.0,29.266399383544922,0.2612000107765198,2.2553999423980713,-20.823299407958984,-19.983699798583984,92.40789794921875,-0.6026999950408936,-26.959800720214844,22.557199478149414,-1.1747000217437744,-6.87939977645874,19.35849952697754,2.640000104904175,1.5573999881744385,14.975500106811523,0.8156999945640564,2.6094000339508057,-0.3986000120639801,-1.1972999572753906,1.1575000286102295,-8.771100044250488,-1.7675000429153442,-5.516300201416016,-20.501100540161133,4.554999828338623,-7.752099990844727,12.444700241088867,0.8334000110626221,-3.3478000164031982,7.417099952697754,-0.0,0.0,0.0,-86.28910064697266,32.23160171508789,31.535999298095703,107.20249938964844,-58.85179901123047,-74.84030151367188,-0.0,0.0,-35.159000396728516,28.494199752807617,4.468299865722656,2.421600103378296,-7.125,0.0,-0.0,1.5305999517440796,35.05759811401367,-0.37389999628067017,-0.0,0.0,0.0,84.62879943847656,-9.302800178527832,50.80970001220703,-120.85590362548828,56.07749938964844,-86.37010192871094,0.0,-0.0,-18.8799991607666,-21.260099411010742,37.87919998168945,-13.43589973449707,7.125,-0.0,-0.0,6.8632001876831055,9.61870002746582,7.966100215911865
-0.7069000005722046,17.05620002746582,38.65840148925781,2.342600107192993,6.089600086212158,0.6486999988555908,0.0,0.0,0.0,-28.649900436401367,-7.141200065612793,-24.987899780273438,6.035099983215332,14.462200164794922,45.12229919433594,0.771399974822998,-9.432299613952637,-16.026100158691406,0.002300000051036477,0.3109000027179718,0.8540999889373779,0.0,0.0,0.0,17.794300079345703,-2.329699993133545,-6.837299823760986,-26.284799575805664,-19.025400161743164,108.66719818115234,-0.9377999901771545,-21.50979995727539,21.586200714111328,-0.7184000015258789,-5.416299819946289,15.099900245666504,-2.2881999015808105,1.1727999448776245,16.641799926757812,-0.6383000016212463,1.0640000104904175,0.6420999765396118,0.3578000068664551,0.5914000272750854,-8.690999984741211,-1.7653000354766846,-5.6149001121521,-20.980499267578125,5.6743998527526855,-7.997099876403809,11.151599884033203,1.1699999570846558,-3.377000093460083,7.131899833679199,0.0,0.0,0.0,-85.9448013305664,22.973800659179688,34.8202018737793,108.55380249023438,-58.65850067138672,-75.99569702148438,-0.0,0.0,-36.76139831542969,30.995100021362305,9.449399948120117,5.632699966430664,-7.125,0.0,-0.0,3.5834999084472656,40.94150161743164,-0.35920000076293945,0.0,0.0,0.0,87.87909698486328,-12.489700317382812,45.9182014465332,-102.618896484375,59.38970184326172,-70.90589904785156,0.0,-0.0,-18.547100067138672,-23.087299346923828,36.89390182495117,-14.354399681091309,7.125,-0.0,-0.0,5.721499919891357,9.061300277709961,6.581600189208984
-0.7315999865531921,16.844100952148438,40.47010040283203,1.0550999641418457,4.89739990234375,2.656599998474121,0.0,0.0,0.0,-27.065399169921875,-7.343900203704834,-21.260700225830078,6.640999794006348,15.022000312805176,47.50320053100586,1.6859999895095825,-5.138899803161621,-23.433700561523438,0.03060000017285347,-1.129699945449829,-3.105600118637085,0.0,0.0,0.0,15.575300216674805,0.635699987411499,-23.21969985961914,-29.740100860595703,-17.553499221801758,119.64630126953125,-1.3222999572753906,-17.316299438476562,22.342300415039062,-1.6887999773025513,-8.18529987335205,23.278400421142578,-1.4818999767303467,1.1749000549316406,16.261899948120117,-0.6208000183105469,1.222000002861023,0.12770000100135803,-0.11840000003576279,0.6366999745368958,-9.025799751281738,-1.068600058555603,-5.7052001953125,-22.506900787353516,5.551700115203857,-8.327799797058105,11.636799812316895,0.9399999976158142,-3.468899965286255,7.518499851226807,0.0,-0.0,0.0,-84.99140167236328,12.804100036621094,38.9557991027832,110.5530014038086,-58.342098236083984,-77.70040130615234,-0.0,0.0,-36.19309997558594,27.021499633789062,3.63070011138916,1.8497999906539917,-7.125,0.0,-0.0,0.3278999924659729,34.05379867553711,-0.08810000121593475,0.0,-0.0,0.0,90.93460083007812,-16.961000442504883,40.000701904296875,-88.18470001220703,59.98749923706055,-58.42789840698242,0.0,-0.0,-16.197500228881836,-25.692699432373047,37.42940139770508,-16.29949951171875,7.125,-0.0,-0.0,4.455900192260742,10.254799842834473,5.192200183868408
-0.7106999754905701,16.958200454711914,42.375099182128906,1.488800048828125,4.187900066375732,3.9168999195098877,0.0,0.0,0.0,-28.0851993560791,-5.465799808502197,-13.456000328063965,5.838699817657471,14.2701997756958,44.3307991027832,1.8027000427246094,-2.706199884414673,-24.679899215698242,0.1956000030040741,-2.847899913787842,-7.855500221252441,0.0,0.0,0.0,13.077799797058105,3.405100107192993,-36.047000885009766,-30.113800048828125,-17.345399856567383,120.8926010131836,-1.0217000246047974,-12.918899536132812,18.9330997467041,-1.194000005722046,-6.933599948883057,19.518699645996094,-2.2813000679016113,0.5719000101089478,16.088300704956055,-0.487199991941452,0.28139999508857727,-0.32760000228881836,0.7009000182151794,0.2312999963760376,-9.420700073242188,-1.1450999975204468,-5.201399803161621,-23.85689926147461,4.809299945831299,-7.571800231933594,13.020299911499023,0.7670999765396118,-3.12719988822937,8.144800186157227,-0.0,-0.0,0.0,-86.35260009765625,7.628200054168701,39.92210006713867,121.75700378417969,-55.823299407958984,-87.11669921875,-0.0,0.0,-32.651798248291016,26.26289939880371,3.238800048828125,1.5968999862670898,-7.125,0.0,-0.0,-0.2847000062465668,33.59040069580078,0.07959999889135361,-0.0,-0.0,0.0,90.4906997680664,-22.64929962158203,38.66849899291992,-90.49359893798828,59.99909973144531,-60.4275016784668,0.0,-0.0,-13.39739990234375,-26.35379981994629,38.118499755859375,-17.0039005279541,7.125,-0.0,-0.0,4.258299827575684,11.125800132751465,5.012499809265137
-0.6931999921798706,17.325700759887695,44.404701232910156,0.9703999757766724,3.0604000091552734,4.329800128936768,0.0,0.0,0.0,-28.201000213623047,-3.3584001064300537,-4.228700160980225,4.6097002029418945,12.930399894714355,39.1083984375,0.932699978351593,-1.5407999753952026,-17.79800033569336,1.2984999418258667,-7.2195000648498535,-20.367300033569336,0.0,0.0,0.0,14.132800102233887,8.673100471496582,-43.10850143432617,-27.760799407958984,-18.489900588989258,113.25509643554688,-0.48669999837875366,-9.015800476074219,13.052300453186035,-0.1565999984741211,-2.549499988555908,7.026800155639648,-2.585099935531616,-0.6694999933242798,16.182899475097656,0.31610000133514404,-1.357100009918213,-0.8095999956130981,2.1414999961853027,-0.5009999871253967,-9.926600456237793,-2.6435000896453857,-4.298399925231934,-22.036100387573242,6.047999858856201,-6.019000053405762,11.181099891662598,1.6676000356674194,-2.414900064468384,7.2779998779296875,-0.0,0.0,0.0,-87.26509857177734,6.437300205230713,39.6531982421875,135.26300048828125,-50.638999938964844,-97.9646987915039,-0.0,0.0,-37.80609893798828,25.822200775146484,0.8938000202178955,0.4325000047683716,-7.125,0.0,-0.0,-0.5943999886512756,30.972299575805664,0.2037999927997589,-0.0,0.0,0.0,86.42440032958984,-27.031299591064453,42.082000732421875,-96.44850158691406,59.84230041503906,-65.58159637451172,0.0,-0.0,-15.99370002746582,-24.628599166870117,39.03110122680664,-16.1033992767334,7.125,-0.0,-0.0,5.343800067901611,11.587200164794922,6.332900047302246
-0.6779999732971191,17.79990005493164,46.56949996948242,0.48539999127388,0.5860000252723694,4.065499782562256,0.0,0.0,0.0,-27.986900329589844,0.03449999913573265,4.40939998626709,3.2119998931884766,11.030500411987305,32.38290023803711,0.0010000000474974513,-3.517899990081787,-2.5114998817443848,2.0288000106811523,-8.925800323486328,-25.563600540161133,0.0,0.0,0.0,15.260499954223633,15.502099990844727,-45.00189971923828,-23.096500396728516,-19.76849937438965,99.08709716796875,-0.24799999594688416,-7.679699897766113,9.677599906921387,-0.009399999864399433,-0.6262000203132629,1.720900058746338,-2.860100030899048,-1.3072999715805054,15.256600379943848,0.8373000025749207,-2.183199882507324,-0.9797000288963318,3.0304999351501465,-0.8748999834060669,-9.507800102233887,-2.61899995803833,-3.152600049972534,-20.636600494384766,5.7164998054504395,-4.410099983215332,10.480199813842773,1.7718000411987305,-1.7143000364303589,6.738699913024902,0.0,-0.0,0.0,-86.06559753417969,7.324999809265137,41.02429962158203,144.5247039794922,-45.14860153198242,-104.85070037841797,-0.0,0.0,-40.5171012878418,25.15559959411621,1.4845000505447388,0.6970000267028809,-7.125,0.0,-0.0,-1.1375000476837158,31.61840057373047,0.3723999857902527,0.0,-0.0,0.0,83.44999694824219,-31.445899963378906,43.68040084838867,-101.7510986328125,59.47169876098633,-70.15869903564453,0.0,-0.0,-16.333999633789062,-24.414400100708008,39.16669845581055,-15.996999740600586,7.125,-0.0,-0.0,5.4822001457214355,11.66759967803955,6.504199981689453
